{
  "images" : [
    {
      "filename" : "icons8-unchecked-radio-button-24(@1x).png",
      "idiom" : "universal",
      "scale" : "1x"
    },
    {
      "filename" : "icons8-unchecked-radio-button-48(@2x).png",
      "idiom" : "universal",
      "scale" : "2x"
    },
    {
      "filename" : "icons8-unchecked-radio-button-72(@3x).png",
      "idiom" : "universal",
      "scale" : "3x"
    }
  ],
  "info" : {
    "author" : "xcode",
    "version" : 1
  },
  "properties" : {
    "template-rendering-intent" : "template"
  }
}
